outlet,year_month,entity,label,avg_sentiment,total_mentions,article_count
AdaDerana,2026-02,American,NORP,0.13430000000000003,4,2
AdaDerana,2026-02,Americans,NORP,-0.15710000000000002,2,2
AdaDerana,2026-02,Amy Coney Barrett,PERSON,0.133125,3,2
AdaDerana,2026-02,Andrew,PERSON,0.07235714285714286,7,1
AdaDerana,2026-02,BBC,ORG,-0.10285,6,1
AdaDerana,2026-02,BBC --Agencies,ORG,0.0,4,4
AdaDerana,2026-02,Biden,ORG,-0.22463333333333335,3,1
AdaDerana,2026-02,Brett,PERSON,0.26335,2,1
AdaDerana,2026-02,Brett Kavanaugh,PERSON,0.211225,4,2
AdaDerana,2026-02,CEB,ORG,0.19809999999999997,3,1
AdaDerana,2026-02,CID,ORG,-0.38585,2,1
AdaDerana,2026-02,CPS,ORG,-0.8002,2,1
AdaDerana,2026-02,Canada,GPE,0.38986666666666664,3,3
AdaDerana,2026-02,China,GPE,0.30315000000000003,4,2
AdaDerana,2026-02,Clarence Thomas,PERSON,0.0,2,2
AdaDerana,2026-02,Colombo’s Sea Street,ORG,0.1366,2,1
AdaDerana,2026-02,Congress,ORG,-0.0735075,9,2
AdaDerana,2026-02,Costco,ORG,0.12605,2,2
AdaDerana,2026-02,Daniel Williams,PERSON,-0.3141,2,1
AdaDerana,2026-02,Democrat,NORP,0.3947,2,1
AdaDerana,2026-02,Dissanayake,PERSON,0.0,4,1
AdaDerana,2026-02,Donald Trump,PERSON,-0.28773333333333334,3,3
AdaDerana,2026-02,Dondra,GPE,-0.23509999999999998,5,2
AdaDerana,2026-02,Dondra,PERSON,-0.0683,4,1
AdaDerana,2026-02,Epstein,ORG,-0.148,2,1
AdaDerana,2026-02,Gandara,PERSON,-0.24648333333333333,4,2
AdaDerana,2026-02,IEEPA,ORG,-0.24395,6,2
AdaDerana,2026-02,India,GPE,-0.08333333333333333,6,3
AdaDerana,2026-02,Indian,NORP,0.0,3,1
AdaDerana,2026-02,Iran,GPE,-0.04315999999999999,10,1
AdaDerana,2026-02,Iranian,NORP,0.46605,2,1
AdaDerana,2026-02,James,PERSON,-0.64395,2,1
AdaDerana,2026-02,John Roberts,PERSON,0.5986,2,2
AdaDerana,2026-02,Karunatilaka,PERSON,0.1909,2,1
AdaDerana,2026-02,King,PERSON,0.22552499999999998,4,1
AdaDerana,2026-02,Labour,ORG,0.0267,2,1
AdaDerana,2026-02,Mexico,GPE,0.4257,2,2
AdaDerana,2026-02,Mount Lavinia,GPE,-0.5371,3,1
AdaDerana,2026-02,Mountbatten-Windsor,PERSON,0.13486666666666666,3,1
AdaDerana,2026-02,NBRO,ORG,-0.296,2,1
AdaDerana,2026-02,Narendra Modi,PERSON,0.0,3,1
AdaDerana,2026-02,Navy,ORG,0.740725,4,1
AdaDerana,2026-02,Neil Gorsuch,PERSON,0.07655,2,2
AdaDerana,2026-02,New Delhi,GPE,0.00645,4,1
AdaDerana,2026-02,Nirodha,GPE,-0.10845714285714285,14,1
AdaDerana,2026-02,Nirodha,PERSON,-0.10845714285714285,14,1
AdaDerana,2026-02,Parliament,ORG,0.41355,4,1
AdaDerana,2026-02,Pollard,PERSON,-0.08399999999999999,2,1
AdaDerana,2026-02,Roberts,PERSON,0.07682857142857144,7,1
AdaDerana,2026-02,Royal Lodge,ORG,-0.23835,2,1
AdaDerana,2026-02,SNP,ORG,0.47209999999999996,2,1
AdaDerana,2026-02,Sabaragamuwa,PERSON,0.0,2,1
AdaDerana,2026-02,Samuel Alito,PERSON,0.0,2,2
AdaDerana,2026-02,Sri Lanka,GPE,0.06485666666666666,13,5
AdaDerana,2026-02,Sri Lankan,NORP,0.0,2,1
AdaDerana,2026-02,Stephenson,PERSON,-0.13484000000000002,5,1
AdaDerana,2026-02,Sungavila,GPE,-0.31245,2,1
AdaDerana,2026-02,Supreme Court,ORG,0.1226,6,1
AdaDerana,2026-02,Taylor,PERSON,0.45855,2,1
AdaDerana,2026-02,Trump,ORG,-0.13672962962962965,34,3
AdaDerana,2026-02,Trump,PERSON,-0.13672962962962965,34,3
AdaDerana,2026-02,U.S.,GPE,0.68602,5,1
AdaDerana,2026-02,U.S. Coast Guard,ORG,0.5177499999999999,2,1
AdaDerana,2026-02,UK,GPE,-0.15232500000000002,3,2
AdaDerana,2026-02,US,GPE,-0.05405865384615385,25,3
AdaDerana,2026-02,Uva,PERSON,0.0,2,1
AdaDerana,2026-02,Washington,GPE,-0.0505,3,2
AdaDerana,2026-02,Weragalage,PERSON,-0.43189999999999995,9,1
AdaDerana,2026-02,White House,ORG,-0.008474999999999996,8,2
AdaDerana,2026-02,the International Emergency Economic Powers Act,ORG,-0.6369,2,2
AdaDerana,2026-02,the Sri Lanka Navy,ORG,0.740725,4,1
AdaDerana,2026-02,the Supreme Court,ORG,0.08733750000000001,5,2
AdaDerana,2026-02,the US Court of International Trade,ORG,0.08025000000000002,2,1
AdaDerana,2026-02,the White House,ORG,-0.169575,5,2
