outlet,year_month,date,entity,label,sentiment,mention_count,article_url,example_sentence,example_sentence_score,abs_sentiment
AdaDerana,2026-02,2026-02-21 03:55:00,Abbas Araghchi,PERSON,0.7096,1,http://www.adaderana.lk/news.php?nid=118719,"Speaking on Friday, Iran’s Foreign Minister Abbas Araghchi said Iran was preparing “a draft of a possible agreement” and would hand it over to US Special Envoy Steve Witkoff in the next few days.",0.7096,0.7096
AdaDerana,2026-02,2026-02-20 17:00:03,Abu Dhabi,GPE,0.0,1,http://www.adaderana.lk/news.php?nid=118712,"Meanwhile, bilateral discussions were also held between President Dissanayake and the President of France Emmanuel Macron, Crown Prince of Abu Dhabi, Sheikh Khaled bin Mohamed bin Zayed Al Nahyan, and the Brazilian President Lula da Silva on the sidelines of the AI Impact 2026 Summit in New Delhi.",0.0,0.0
AdaDerana,2026-02,2026-02-21 03:55:00,Air Force One,ORG,-0.4497,1,http://www.adaderana.lk/news.php?nid=118719,"Trump takes questions from journalists several times a week - often in lengthy sessions in the Oval Office or on Air Force One - but his comments do not necessarily always translate into concrete actions, and often contradict each other.",-0.4497,0.4497
AdaDerana,2026-02,2026-02-21 01:09:01,Alcoa,ORG,0.2263,1,http://www.adaderana.lk/news.php?nid=118714,"In recent weeks, hundreds of firms, including retailer Costco, aluminium giant Alcoa and food importers like tuna fish brand Bumble Bee, have filed lawsuits contesting the tariffs, in a bid to get in line for a refund.",0.2263,0.2263
AdaDerana,2026-02,2026-02-20 15:53:45,American,NORP,0.2557,2,http://www.adaderana.lk/news.php?nid=118710,"Most significant case on US economy in years The case was the most significant involving the American economy to reach the Supreme Court in years, challenging the legality of Trump’s “Liberation Day” tariffs, as well as duties he imposed on imports from China, Mexico and Canada.",0.8514,0.2557
AdaDerana,2026-02,2026-02-21 03:55:00,American,NORP,0.0129,2,http://www.adaderana.lk/news.php?nid=118719,"Any strikes in the near future would come at a challenging time domestically for the Trump administration, with polls showing that a growing number of Americans disapprove of Trump’s handling of immigration and the economy.",0.0258,0.0129
AdaDerana,2026-02,2026-02-20 15:53:45,Americans,NORP,-0.34,1,http://www.adaderana.lk/news.php?nid=118710,"A year earlier, the court stopped Biden’s vaccine and testing requirement for 84 million Americans, concluding that Congress never explicitly gave the government the power to demand those measures during the Covid-19 pandemic.",-0.34,0.34
AdaDerana,2026-02,2026-02-21 03:55:00,Americans,NORP,0.0258,1,http://www.adaderana.lk/news.php?nid=118719,"Any strikes in the near future would come at a challenging time domestically for the Trump administration, with polls showing that a growing number of Americans disapprove of Trump’s handling of immigration and the economy.",0.0258,0.0258
AdaDerana,2026-02,2026-02-21 01:05:54,Ampara,PERSON,0.0,1,http://www.adaderana.lk/news.php?nid=118713,"Heavy rainfalls above 100 mm are likely at some places in the Central, Uva and Sabaragamuwa provinces, and in the Batticaloa, Ampara and Polonnaruwa districts.",0.0,0.0
AdaDerana,2026-02,2026-02-21 01:09:01,Amy Coney Barrett,PERSON,0.1531,1,http://www.adaderana.lk/news.php?nid=118714,"The decision to strike down the tariffs was joined by the court’s three liberal justices, as well as two justices nominated by Trump: Amy Coney Barrett and Neil Gorsuch.",0.1531,0.1531
AdaDerana,2026-02,2026-02-20 15:53:45,Amy Coney Barrett,PERSON,0.11315,2,http://www.adaderana.lk/news.php?nid=118710,"Several members of the court’s conservative supermajority gave mixed signals of how they may ultimately rule, with Roberts and Justice Amy Coney Barrett asking difficult questions of both the businesses and the Trump administration.",0.2263,0.11315
AdaDerana,2026-02,2026-02-21 03:04:56,Andrew,PERSON,0.0723571428571428,7,http://www.adaderana.lk/news.php?nid=118718,"On Thursday evening, Andrew was released under investigation 11 hours after his arrest on suspicion of misconduct in public office.",-0.6124,0.0723571428571428
AdaDerana,2026-02,2026-02-21 03:04:56,Andrew Mountbatten-Windsor,PERSON,0.2023,1,http://www.adaderana.lk/news.php?nid=118718,The British government is considering introducing legislation to remove Andrew Mountbatten-Windsor from the line of royal succession.,0.2023,0.2023
AdaDerana,2026-02,2026-02-21 02:12:25,Andrew Taylor,PERSON,0.4767,1,http://www.adaderana.lk/news.php?nid=118717,"Andrew Taylor, defending, said these were “tragic events” involving two “bright, ambitious and educated people”.",0.4767,0.4767
AdaDerana,2026-02,2026-02-21 09:35:33,Anura Karunatilaka,PERSON,0.3818,1,http://www.adaderana.lk/news.php?nid=118730,"Minister of Ports and Civil Aviation, Anura Karunatilaka, revealed that the President is set to appoint an expert committee to ensure the proper implementation of the education reform process.",0.3818,0.3818
AdaDerana,2026-02,2026-02-20 17:00:03,Anura Kumara Dissanayake,PERSON,0.0,1,http://www.adaderana.lk/news.php?nid=118712,"President Anura Kumara Dissanayake and the Sri Lankan delegation have returned to Sri Lanka after attending the AI Impact Summit 2026 held in New Delhi, India.",0.0,0.0
AdaDerana,2026-02,2026-02-21 03:04:56,Australia,GPE,0.3182,1,http://www.adaderana.lk/news.php?nid=118718,"It would also need to be supported by the 14 Commonwealth countries where Charles III is head of state, including Canada, Australia, Jamaica and New Zealand.",0.3182,0.3182
AdaDerana,2026-02,2026-02-21 03:55:00,Ayatollah Ali Khamanei,PERSON,0.0516,1,http://www.adaderana.lk/news.php?nid=118719,"Satellite images have also shown that Iran has reinforced military facilities, and the country’s Supreme Leader, Ayatollah Ali Khamanei, has posted messages to social media threatening US forces.",0.0516,0.0516
AdaDerana,2026-02,2026-02-21 03:04:56,BBC,ORG,-0.10285,6,http://www.adaderana.lk/news.php?nid=118718,"Thames Valley Police, the force which arrested him, is expected to continue searching Royal Lodge until Monday, the BBC understands.",-0.4767,0.10285
AdaDerana,2026-02,2026-02-21 03:55:00,BBC --Agencies,ORG,0.0,1,http://www.adaderana.lk/news.php?nid=118719,Source: BBC --Agencies,0.0,0.0
AdaDerana,2026-02,2026-02-21 03:04:56,BBC --Agencies,ORG,0.0,1,http://www.adaderana.lk/news.php?nid=118718,Source: BBC --Agencies,0.0,0.0
AdaDerana,2026-02,2026-02-21 02:12:25,BBC --Agencies,ORG,0.0,1,http://www.adaderana.lk/news.php?nid=118717,Source: BBC --Agencies,0.0,0.0
AdaDerana,2026-02,2026-02-21 01:09:01,BBC --Agencies,ORG,0.0,1,http://www.adaderana.lk/news.php?nid=118714,Source: BBC --Agencies,0.0,0.0
AdaDerana,2026-02,2026-02-21 03:04:56,BBC Newsnight,ORG,0.0,1,http://www.adaderana.lk/news.php?nid=118718,Mountbatten-Windsor stepped back from public duties in 2019 following a backlash after an interview with BBC Newsnight about his relationship with Epstein.,0.0,0.0
AdaDerana,2026-02,2026-02-21 03:04:56,BBC Radio 4’s Any Questions,ORG,-0.296,1,http://www.adaderana.lk/news.php?nid=118718,"Speaking on BBC Radio 4’s Any Questions programme, Pollard confirmed the government had “absolutely” been working with Buckingham Palace on the plans to stop the former prince from “potentially being a heartbeat away from the throne”.",-0.296,0.296
AdaDerana,2026-02,2026-02-21 06:07:51,Baltimore,GPE,0.9075,1,http://www.adaderana.lk/news.php?nid=118724,"In a significant boost to regional maritime security, the former U.S. Coast Guard Cutter DECISIVE (Ex-USCGC DECISIVE) officially departed Baltimore on Friday, beginning a historic journey to join the Sri Lanka Navy (SLN) fleet.",0.9075,0.9075
AdaDerana,2026-02,2026-02-21 01:09:01,Beth Benike,PERSON,0.3612,1,http://www.adaderana.lk/news.php?nid=118714,"“I feel... like a thousand-pound weight has been lifted off my chest,” said Beth Benike, the owner of Busy Baby products in Minnesota, which manufactures products in China.",0.3612,0.3612
AdaDerana,2026-02,2026-02-20 15:53:45,Biden,ORG,-0.2246333333333333,3,http://www.adaderana.lk/news.php?nid=118710,"A year earlier, the court stopped Biden’s vaccine and testing requirement for 84 million Americans, concluding that Congress never explicitly gave the government the power to demand those measures during the Covid-19 pandemic.",-0.34,0.2246333333333333
AdaDerana,2026-02,2026-02-20 15:53:45,Brazil,GPE,0.0,1,http://www.adaderana.lk/news.php?nid=118710,"The so-called “reciprocal” tariffs raised duties as high as 50% on key trading partners, including India and Brazil, and as high as 145% on China in 2025.",0.0,0.0
AdaDerana,2026-02,2026-02-20 17:00:03,Brazilian,NORP,0.0,1,http://www.adaderana.lk/news.php?nid=118712,"Meanwhile, bilateral discussions were also held between President Dissanayake and the President of France Emmanuel Macron, Crown Prince of Abu Dhabi, Sheikh Khaled bin Mohamed bin Zayed Al Nahyan, and the Brazilian President Lula da Silva on the sidelines of the AI Impact 2026 Summit in New Delhi.",0.0,0.0
AdaDerana,2026-02,2026-02-20 15:53:45,Brett,PERSON,0.26335,2,http://www.adaderana.lk/news.php?nid=118710,"In his dissent, Justice Brett Kavanaugh noted that the court said “nothing today about whether, and if so how, the government should go about returning the billions of dollars that it has collected from importers.”",0.5267,0.26335
AdaDerana,2026-02,2026-02-20 15:53:45,Brett Kavanaugh,PERSON,0.26335,2,http://www.adaderana.lk/news.php?nid=118710,"In his dissent, Justice Brett Kavanaugh noted that the court said “nothing today about whether, and if so how, the government should go about returning the billions of dollars that it has collected from importers.”",0.5267,0.26335
AdaDerana,2026-02,2026-02-21 01:09:01,Brett Kavanaugh,PERSON,0.1591,2,http://www.adaderana.lk/news.php?nid=118714,"In his dissent, Justice Brett Kavanaugh warned the situation would be a “mess”.",0.3182,0.1591
AdaDerana,2026-02,2026-02-21 03:04:56,British,NORP,0.2023,1,http://www.adaderana.lk/news.php?nid=118718,The British government is considering introducing legislation to remove Andrew Mountbatten-Windsor from the line of royal succession.,0.2023,0.2023
AdaDerana,2026-02,2026-02-21 01:09:01,Bumble Bee,PERSON,0.2263,1,http://www.adaderana.lk/news.php?nid=118714,"In recent weeks, hundreds of firms, including retailer Costco, aluminium giant Alcoa and food importers like tuna fish brand Bumble Bee, have filed lawsuits contesting the tariffs, in a bid to get in line for a refund.",0.2263,0.2263
AdaDerana,2026-02,2026-02-21 01:09:01,Busy Baby,ORG,0.3612,1,http://www.adaderana.lk/news.php?nid=118714,"“I feel... like a thousand-pound weight has been lifted off my chest,” said Beth Benike, the owner of Busy Baby products in Minnesota, which manufactures products in China.",0.3612,0.3612
AdaDerana,2026-02,2026-02-20 15:53:45,CBP,ORG,0.0258,1,http://www.adaderana.lk/news.php?nid=118710,"The filing was in response to a group of importers, including Costco, requesting a preliminary injunction to prevent CBP from finalizing their tariff payments, a process formally known as liquidation.",0.0258,0.0258
AdaDerana,2026-02,2026-02-21 07:52:36,CEB,ORG,0.1980999999999999,3,http://www.adaderana.lk/news.php?nid=118727,"The CEB submitted its proposal to the PUCSL on February 13, seeking a 13.56% increase in electricity tariffs for the second quarter of 2026, effective from April 1 to June 30.",0.6597,0.1980999999999999
AdaDerana,2026-02,2026-02-20 16:32:27,CID,ORG,-0.38585,2,http://www.adaderana.lk/news.php?nid=118711,The Criminal Investigation Department (CID) has been directed to immediately expedite investigations into the controversial Grade 6 module and to take prompt action to arrest the suspects responsible.,-0.7717,0.38585
AdaDerana,2026-02,2026-02-20 15:53:45,CNN,ORG,0.0,1,http://www.adaderana.lk/news.php?nid=118710,Source: CNN --Agencies,0.0,0.0
AdaDerana,2026-02,2026-02-21 02:12:25,CPS,ORG,-0.8002,2,http://www.adaderana.lk/news.php?nid=118717,"Emma Davies, from the Crown Prosecution Service (CPS), said Weragalage “planned his attack, visiting the area several times leading up to it and buying the murder weapon”.",-0.9001,0.8002
AdaDerana,2026-02,2026-02-21 09:35:33,Cabinet,ORG,0.6249,1,http://www.adaderana.lk/news.php?nid=118730,"Furthermore, Cabinet approval has been granted to recruit 23,004 graduates as teachers.",0.6249,0.6249
AdaDerana,2026-02,2026-02-20 15:53:45,Canada,GPE,0.8514,1,http://www.adaderana.lk/news.php?nid=118710,"Most significant case on US economy in years The case was the most significant involving the American economy to reach the Supreme Court in years, challenging the legality of Trump’s “Liberation Day” tariffs, as well as duties he imposed on imports from China, Mexico and Canada.",0.8514,0.8514
AdaDerana,2026-02,2026-02-21 03:04:56,Canada,GPE,0.3182,1,http://www.adaderana.lk/news.php?nid=118718,"It would also need to be supported by the 14 Commonwealth countries where Charles III is head of state, including Canada, Australia, Jamaica and New Zealand.",0.3182,0.3182
AdaDerana,2026-02,2026-02-21 01:09:01,Canada,GPE,0.0,1,http://www.adaderana.lk/news.php?nid=118714,"The tariffs initially targeted Mexico, Canada and China, before expanding dramatically to dozens of trade partners on what the president billed as “Liberation Day” last April.",0.0,0.0
AdaDerana,2026-02,2026-02-21 02:12:25,Cardiff Crown Court,ORG,-0.4019,1,http://www.adaderana.lk/news.php?nid=118717,"Sentencing Weragalage at Cardiff Crown Court, Judge Daniel Williams said his “brutal selfishness” had cut Nirodha’s life short.",-0.4019,0.4019
AdaDerana,2026-02,2026-02-21 03:04:56,Catholic,NORP,0.3818,1,http://www.adaderana.lk/news.php?nid=118718,"The last time the line of succession was changed by an act of Parliament was in 2013, when the Succession to the Crown Act restored individuals who had previously been excluded because they had married a Catholic.",0.3818,0.3818
AdaDerana,2026-02,2026-02-21 03:04:56,Charles III,PERSON,0.3182,1,http://www.adaderana.lk/news.php?nid=118718,"It would also need to be supported by the 14 Commonwealth countries where Charles III is head of state, including Canada, Australia, Jamaica and New Zealand.",0.3182,0.3182
AdaDerana,2026-02,2026-02-20 15:53:45,China,GPE,0.4257,2,http://www.adaderana.lk/news.php?nid=118710,"Most significant case on US economy in years The case was the most significant involving the American economy to reach the Supreme Court in years, challenging the legality of Trump’s “Liberation Day” tariffs, as well as duties he imposed on imports from China, Mexico and Canada.",0.8514,0.4257
AdaDerana,2026-02,2026-02-21 01:09:01,China,GPE,0.1806,2,http://www.adaderana.lk/news.php?nid=118714,"“I feel... like a thousand-pound weight has been lifted off my chest,” said Beth Benike, the owner of Busy Baby products in Minnesota, which manufactures products in China.",0.3612,0.1806
AdaDerana,2026-02,2026-02-21 01:09:01,Clarence Thomas,PERSON,0.0,1,http://www.adaderana.lk/news.php?nid=118714,"Three conservative justices, Clarence Thomas, Brett Kavanaugh and Samuel Alito, dissented.",0.0,0.0
AdaDerana,2026-02,2026-02-20 15:53:45,Clarence Thomas,PERSON,0.0,1,http://www.adaderana.lk/news.php?nid=118710,"Justices Clarence Thomas, Samuel Alito and Brett Kavanaugh dissented.",0.0,0.0
AdaDerana,2026-02,2026-02-21 07:08:12,Colombo’s Sea Street,ORG,0.1366,2,http://www.adaderana.lk/news.php?nid=118725,"Traders at Colombo’s Sea Street reported that the price of a 22-carat gold sovereign has increased to Rs. 366,300 as of this morning (21).",0.2732,0.1366
AdaDerana,2026-02,2026-02-21 03:04:56,Commonwealth,ORG,0.3182,1,http://www.adaderana.lk/news.php?nid=118718,"It would also need to be supported by the 14 Commonwealth countries where Charles III is head of state, including Canada, Australia, Jamaica and New Zealand.",0.3182,0.3182
AdaDerana,2026-02,2026-02-21 01:09:01,Congress,ORG,-0.190175,4,http://www.adaderana.lk/news.php?nid=118714,They said that Congress did not intend to hand off its power to tax or give the president an “open-ended power to junk” other existing trade deals and tariff rules.,-0.3875,0.190175
AdaDerana,2026-02,2026-02-20 15:53:45,Congress,ORG,0.04316,5,http://www.adaderana.lk/news.php?nid=118710,"“When Congress grants the power to impose tariffs, it does so clearly and with careful constraints,” Roberts wrote.",0.5847,0.04316
AdaDerana,2026-02,2026-02-21 01:09:01,Costco,ORG,0.2263,1,http://www.adaderana.lk/news.php?nid=118714,"In recent weeks, hundreds of firms, including retailer Costco, aluminium giant Alcoa and food importers like tuna fish brand Bumble Bee, have filed lawsuits contesting the tariffs, in a bid to get in line for a refund.",0.2263,0.2263
AdaDerana,2026-02,2026-02-20 15:53:45,Costco,ORG,0.0258,1,http://www.adaderana.lk/news.php?nid=118710,"The filing was in response to a group of importers, including Costco, requesting a preliminary injunction to prevent CBP from finalizing their tariff payments, a process formally known as liquidation.",0.0258,0.0258
AdaDerana,2026-02,2026-02-21 08:41:35,Cyril Hendavitharana,PERSON,0.4019,1,http://www.adaderana.lk/news.php?nid=118729,"The deceased has been identified as Cyril Hendavitharana, also known by the alias “Delight,” a resident of Sinhasana Place, Dondra, who was engaged in the fish trade.",0.4019,0.4019
AdaDerana,2026-02,2026-02-21 05:23:46,DMC,ORG,-0.6249,1,http://www.adaderana.lk/news.php?nid=118723,The Assistant Director of the Disaster Management Centre (DMC) for the Polonnaruwa District has reported that the Somawathiya–Sungavila Road has been inundated by approximately one foot of water as of this morning (21).,-0.6249,0.6249
AdaDerana,2026-02,2026-02-21 02:12:25,Daniel Williams,PERSON,-0.3141,2,http://www.adaderana.lk/news.php?nid=118717,"Sentencing Weragalage at Cardiff Crown Court, Judge Daniel Williams said his “brutal selfishness” had cut Nirodha’s life short.",-0.4019,0.3141
AdaDerana,2026-02,2026-02-21 03:04:56,Democrat,NORP,0.3947,2,http://www.adaderana.lk/news.php?nid=118718,"The government’s proposal comes after some MPs, including the Liberal Democrats and SNP, signalled their support for such legislation.",0.4019,0.3947
AdaDerana,2026-02,2026-02-21 01:09:01,Diane Swonk,PERSON,-0.6597,1,http://www.adaderana.lk/news.php?nid=118714,"Diane Swonk, chief economist at KPMG US, warned that the cost of litigation could make recouping funds difficult for smaller firms.",-0.6597,0.6597
AdaDerana,2026-02,2026-02-20 17:00:03,Dissanayake,PERSON,0.0,4,http://www.adaderana.lk/news.php?nid=118712,"President Anura Kumara Dissanayake and the Sri Lankan delegation have returned to Sri Lanka after attending the AI Impact Summit 2026 held in New Delhi, India.",0.0,0.0
AdaDerana,2026-02,2026-02-20 15:53:45,Donald Trump,PERSON,-0.34,1,http://www.adaderana.lk/news.php?nid=118710,"The Supreme Court on Friday ruled that President Donald Trump violated federal law when he unilaterally imposed sweeping tariffs across the globe, a striking loss for the White House on an issue that has been central to the president’s foreign policy and economic agenda.",-0.34,0.34
AdaDerana,2026-02,2026-02-21 03:55:00,Donald Trump,PERSON,-0.2732,1,http://www.adaderana.lk/news.php?nid=118719,US President Donald Trump has said he is considering a limited military strike on Iran in order to pressure its leaders to agree a deal to curb the nuclear programme.,-0.2732,0.2732
AdaDerana,2026-02,2026-02-21 01:09:01,Donald Trump,PERSON,-0.25,1,http://www.adaderana.lk/news.php?nid=118714,"US President Donald Trump has imposed a new 10% global tariff to replace ones struck down by the Supreme Court, calling the ruling “terrible” and lambasting the justices who rejected his trade policy as “fools”.",-0.25,0.25
AdaDerana,2026-02,2026-02-21 08:06:51,Dondra,GPE,-0.4019,1,http://www.adaderana.lk/news.php?nid=118728,"A person has reportedly been shot and injured near a supermarket at Dondra, within the Gandara police division, a short while ago.",-0.4019,0.4019
AdaDerana,2026-02,2026-02-21 08:41:35,Dondra,GPE,-0.0683,4,http://www.adaderana.lk/news.php?nid=118729,"The fish trader who was shot and injured near a supermarket in Dondra has succumbed to his injuries on admission to hospital, police said.",-0.4019,0.0683
AdaDerana,2026-02,2026-02-21 08:41:35,Dondra,PERSON,-0.0683,4,http://www.adaderana.lk/news.php?nid=118729,"The fish trader who was shot and injured near a supermarket in Dondra has succumbed to his injuries on admission to hospital, police said.",-0.4019,0.0683
AdaDerana,2026-02,2026-02-21 03:04:56,Downing Street,ORG,-0.1027,1,http://www.adaderana.lk/news.php?nid=118718,"In October, Downing Street said it had no plans to introduce a law to change the line of succession.",-0.1027,0.1027
AdaDerana,2026-02,2026-02-21 03:04:56,Duke of York,GPE,0.0276,1,http://www.adaderana.lk/news.php?nid=118718,Some Labour parliamentarians who have been critical of the monarchy told the BBC they were less convinced the move was required - in part because it is so unlikely the former Duke of York would ever get near to the throne.,0.0276,0.0276
AdaDerana,2026-02,2026-02-21 01:09:01,EU,ORG,-0.25,1,http://www.adaderana.lk/news.php?nid=118714,"A White House official said countries that struck trade deals with the US, including the UK, India and the EU, will now face the global 10% tariff under Section 122 rather than the tariff rate they had previously negotiated.",-0.25,0.25
AdaDerana,2026-02,2026-02-21 01:05:54,Eastern,ORG,0.0,1,http://www.adaderana.lk/news.php?nid=118713,"Showers or thundershowers will occur at times in the Northern, North-Central, Eastern, Uva and Central provinces and in the Hambantota district.",0.0,0.0
AdaDerana,2026-02,2026-02-21 03:04:56,Ed Davey,PERSON,0.3875,1,http://www.adaderana.lk/news.php?nid=118718,"Liberal Democrat leader Sir Ed Davey said police should be “allowed to get on with their job, acting without fear or favour”.",0.3875,0.3875
AdaDerana,2026-02,2026-02-21 03:04:56,Edward VIII,PERSON,0.2023,1,http://www.adaderana.lk/news.php?nid=118718,"The last time someone was removed from the line of succession by an act of Parliament was in 1936, when the former Edward VIII and his descendants were removed due to his abdication.",0.2023,0.2023
AdaDerana,2026-02,2026-02-21 02:12:25,Emma Davies,PERSON,-0.9001,1,http://www.adaderana.lk/news.php?nid=118717,"Emma Davies, from the Crown Prosecution Service (CPS), said Weragalage “planned his attack, visiting the area several times leading up to it and buying the murder weapon”.",-0.9001,0.9001
AdaDerana,2026-02,2026-02-20 17:00:03,Emmanuel Macron,PERSON,0.0,1,http://www.adaderana.lk/news.php?nid=118712,"Meanwhile, bilateral discussions were also held between President Dissanayake and the President of France Emmanuel Macron, Crown Prince of Abu Dhabi, Sheikh Khaled bin Mohamed bin Zayed Al Nahyan, and the Brazilian President Lula da Silva on the sidelines of the AI Impact 2026 Summit in New Delhi.",0.0,0.0
AdaDerana,2026-02,2026-02-20 16:32:27,English,NORP,0.0,1,http://www.adaderana.lk/news.php?nid=118711,The directive was issued by the Gangodawila Magistrate Ruwanthika Marasinghe when the case concerning the Grade 6 English subject module under the new education reforms was taken up before the Gangodawila Magistrate’s Court today (20).,0.0,0.0
AdaDerana,2026-02,2026-02-21 03:04:56,Epstein,ORG,-0.148,2,http://www.adaderana.lk/news.php?nid=118718,"Currently Andrew, the King’s brother, remains eighth in line to the throne despite being stripped of his titles, including “prince”, last October amid pressure over his ties to paedophile financier Jeffrey Epstein.",-0.296,0.148
AdaDerana,2026-02,2026-02-21 03:55:00,European,NORP,-0.743,1,http://www.adaderana.lk/news.php?nid=118719,"The US and its European allies suspect that Iran is moving towards the development of a nuclear weapon, something Iran has always denied.",-0.743,0.743
AdaDerana,2026-02,2026-02-21 01:09:01,European Commission,ORG,0.5574,1,http://www.adaderana.lk/news.php?nid=118714,"“We take note of the ruling by the U.S. Supreme Court and are analysing it carefully,” European Commission spokesman Olof Gill wrote on social media.",0.5574,0.5574
AdaDerana,2026-02,2026-02-21 02:12:25,Fiesta,PERSON,-0.7964,1,http://www.adaderana.lk/news.php?nid=118717,"Witnesses, including a man walking his dog, saw Weragalage leaving the scene at speed in his Ford Fiesta, and they raised the alarm when they then found Nirodha lying motionless with horrific injuries nearby.",-0.7964,0.7964
AdaDerana,2026-02,2026-02-21 02:12:25,Ford,ORG,-0.7964,1,http://www.adaderana.lk/news.php?nid=118717,"Witnesses, including a man walking his dog, saw Weragalage leaving the scene at speed in his Ford Fiesta, and they raised the alarm when they then found Nirodha lying motionless with horrific injuries nearby.",-0.7964,0.7964
AdaDerana,2026-02,2026-02-20 17:00:03,France,GPE,0.0,1,http://www.adaderana.lk/news.php?nid=118712,"Meanwhile, bilateral discussions were also held between President Dissanayake and the President of France Emmanuel Macron, Crown Prince of Abu Dhabi, Sheikh Khaled bin Mohamed bin Zayed Al Nahyan, and the Brazilian President Lula da Silva on the sidelines of the AI Impact 2026 Summit in New Delhi.",0.0,0.0
AdaDerana,2026-02,2026-02-21 01:05:54,Galle,GPE,0.0,1,http://www.adaderana.lk/news.php?nid=118713,"Misty conditions can be expected at some places in the Central and Sabaragamuwa provinces and in Galle, Matara and Kaluthara districts during the early hours of the morning.",0.0,0.0
AdaDerana,2026-02,2026-02-21 04:19:58,Gamage Nilantha,PERSON,-0.5423,1,http://www.adaderana.lk/news.php?nid=118721,"The raid was carried out based on information received by Chief Inspector Gamage Nilantha, Officer-in-Charge (OIC) of the Mount Lavinia Divisional Crime Investigation Bureau, police said.",-0.5423,0.5423
AdaDerana,2026-02,2026-02-21 08:06:51,Gandara,PERSON,-0.4019,1,http://www.adaderana.lk/news.php?nid=118728,"A person has reportedly been shot and injured near a supermarket at Dondra, within the Gandara police division, a short while ago.",-0.4019,0.4019
AdaDerana,2026-02,2026-02-21 08:41:35,Gandara,PERSON,-0.0910666666666666,3,http://www.adaderana.lk/news.php?nid=118729,"According to police, the victim was travelling in a three-wheeler from Gandara towards Dondra at the time of the incident.",-0.2732,0.0910666666666666
AdaDerana,2026-02,2026-02-21 08:41:35,Gandara Police,PERSON,0.0,1,http://www.adaderana.lk/news.php?nid=118729,Gandara Police are conducting further investigations into the incident.,0.0,0.0
AdaDerana,2026-02,2026-02-21 03:55:00,Geneva,GPE,0.0,1,http://www.adaderana.lk/news.php?nid=118719,The talks in Geneva were held as American forces continued ramping up their presence in the vicinity of Iran.,0.0,0.0
AdaDerana,2026-02,2026-02-21 01:09:01,Geoffrey Gertz,PERSON,-0.101,1,http://www.adaderana.lk/news.php?nid=118714,"“Things have only gotten more complicated and more messy today,” said Geoffrey Gertz, senior fellow at the Center for a New American Security in Washington.",-0.101,0.101
AdaDerana,2026-02,2026-02-21 02:12:25,Graham Williams,PERSON,0.34,1,http://www.adaderana.lk/news.php?nid=118717,"Detective Inspector Graham Williams, of South Wales Police, said Nirodha was “much loved by her family and friends, and her life was ended by her jealous and cowardly former partner”.",0.34,0.34
AdaDerana,2026-02,2026-02-21 01:09:01,IEEPA,ORG,-0.31845,2,http://www.adaderana.lk/news.php?nid=118714,"The White House had cited a 1977 law, the International Emergency Economic Powers Act (IEEPA), which gives the president power to “regulate” trade in response to an emergency.",-0.6369,0.31845
AdaDerana,2026-02,2026-02-20 15:53:45,IEEPA,ORG,-0.16945,4,http://www.adaderana.lk/news.php?nid=118710,"Trump has relied on a 1970s-era emergency law, the International Emergency Economic Powers Act, or IEEPA, to levy the import duties at issue in the case.",-0.6369,0.16945
AdaDerana,2026-02,2026-02-20 15:53:45,Illinois,GPE,0.0,1,http://www.adaderana.lk/news.php?nid=118710,"In a separate case, an Illinois-based educational toy company, Learning Resources, sued in a federal district court in Washington, which also ruled against Trump.",0.0,0.0
AdaDerana,2026-02,2026-02-21 01:09:01,India,GPE,-0.25,1,http://www.adaderana.lk/news.php?nid=118714,"A White House official said countries that struck trade deals with the US, including the UK, India and the EU, will now face the global 10% tariff under Section 122 rather than the tariff rate they had previously negotiated.",-0.25,0.25
AdaDerana,2026-02,2026-02-20 17:00:03,India,GPE,0.0,4,http://www.adaderana.lk/news.php?nid=118712,"President Anura Kumara Dissanayake and the Sri Lankan delegation have returned to Sri Lanka after attending the AI Impact Summit 2026 held in New Delhi, India.",0.0,0.0
AdaDerana,2026-02,2026-02-20 15:53:45,India,GPE,0.0,1,http://www.adaderana.lk/news.php?nid=118710,"The so-called “reciprocal” tariffs raised duties as high as 50% on key trading partners, including India and Brazil, and as high as 145% on China in 2025.",0.0,0.0
AdaDerana,2026-02,2026-02-20 17:00:03,Indian,NORP,0.0,3,http://www.adaderana.lk/news.php?nid=118712,The President and the Sri Lankan delegation had travelled to India at the invitation of Indian Prime Minister Narendra Modi to participate in the summit.,0.0,0.0
AdaDerana,2026-02,2026-02-21 03:55:00,Iran,GPE,-0.0431599999999999,10,http://www.adaderana.lk/news.php?nid=118719,"The US and its European allies suspect that Iran is moving towards the development of a nuclear weapon, something Iran has always denied.",-0.743,0.0431599999999999
AdaDerana,2026-02,2026-02-21 03:55:00,Iranian,NORP,0.46605,2,http://www.adaderana.lk/news.php?nid=118719,At the time of Operation Midnight Hammer in July last year - which saw US forces strike Iranian nuclear facilities - White House officials were still publicly discussing the possibility of successful talks.,0.5106,0.46605
AdaDerana,2026-02,2026-02-21 09:35:33,Jaffna,GPE,0.0,1,http://www.adaderana.lk/news.php?nid=118730,The Minister made these remarks yesterday (20) during a programme held in Jaffna.,0.0,0.0
AdaDerana,2026-02,2026-02-21 03:04:56,Jamaica,GPE,0.3182,1,http://www.adaderana.lk/news.php?nid=118718,"It would also need to be supported by the 14 Commonwealth countries where Charles III is head of state, including Canada, Australia, Jamaica and New Zealand.",0.3182,0.3182
AdaDerana,2026-02,2026-02-21 02:12:25,James,PERSON,-0.64395,2,http://www.adaderana.lk/news.php?nid=118717,"“He’s going to kill James and he’s going to kill me,” she wrote.",-0.886,0.64395
AdaDerana,2026-02,2026-02-21 02:12:25,James Stephenson,PERSON,-0.4019,1,http://www.adaderana.lk/news.php?nid=118717,Nirodha disclosed to work colleague James Stephenson that her husband hit her and that they were also having sexual problems.,-0.4019,0.4019
AdaDerana,2026-02,2026-02-21 03:04:56,Jeffrey Epstein,PERSON,-0.296,1,http://www.adaderana.lk/news.php?nid=118718,"Currently Andrew, the King’s brother, remains eighth in line to the throne despite being stripped of his titles, including “prince”, last October amid pressure over his ties to paedophile financier Jeffrey Epstein.",-0.296,0.296
AdaDerana,2026-02,2026-02-20 15:53:45,Joe Biden,PERSON,-0.1316,1,http://www.adaderana.lk/news.php?nid=118710,"That raised a series of difficult questions for the Supreme Court itself, which in case after case involving controversial policies from President Joe Biden, ruled that an administration cannot take certain executive actions unilaterally without explicit authorization from Congress.",-0.1316,0.1316
AdaDerana,2026-02,2026-02-20 15:53:45,John Roberts,PERSON,0.6705,1,http://www.adaderana.lk/news.php?nid=118710,Chief Justice John Roberts wrote the majority opinion and the court agreed 6-3 that the tariffs exceeded the law.,0.6705,0.6705
AdaDerana,2026-02,2026-02-21 01:09:01,John Roberts,PERSON,0.5267,1,http://www.adaderana.lk/news.php?nid=118714,"In his opinion, Chief Justice John Roberts, a conservative, sided with that view.",0.5267,0.5267
AdaDerana,2026-02,2026-02-20 15:53:45,Justice Department,ORG,-0.3612,1,http://www.adaderana.lk/news.php?nid=118710,"Trump and Justice Department officials framed the dispute in existential terms for the country, telling the justices that “with tariffs, we are a rich nation” but that without them, “we are a poor nation.”",-0.3612,0.3612
AdaDerana,2026-02,2026-02-21 01:09:01,KPMG US,ORG,-0.6597,1,http://www.adaderana.lk/news.php?nid=118714,"Diane Swonk, chief economist at KPMG US, warned that the cost of litigation could make recouping funds difficult for smaller firms.",-0.6597,0.6597
AdaDerana,2026-02,2026-02-21 02:04:50,Kalutara,PERSON,0.4019,1,http://www.adaderana.lk/news.php?nid=118716,Vehicles entering and exiting the Southern Expressway from the Dodangoda entry point in Kalutara were subjected to a special inspection by the police last night (20).,0.4019,0.4019
AdaDerana,2026-02,2026-02-21 01:05:54,Kaluthara,ORG,0.0,1,http://www.adaderana.lk/news.php?nid=118713,"Misty conditions can be expected at some places in the Central and Sabaragamuwa provinces and in Galle, Matara and Kaluthara districts during the early hours of the morning.",0.0,0.0
AdaDerana,2026-02,2026-02-21 03:55:00,Karoline Leavitt,PERSON,-0.25,1,http://www.adaderana.lk/news.php?nid=118719,"The day before US missiles and bombs struck the facility, White House Press Secretary Karoline Leavitt read a statement from Trump in which he said that because “negotiations may or may not take place with Iran in the near future, I will make my decision whether or not to go within the next two weeks”.",-0.25,0.25
AdaDerana,2026-02,2026-02-21 09:35:33,Karunatilaka,PERSON,0.1909,2,http://www.adaderana.lk/news.php?nid=118730,"Minister of Ports and Civil Aviation, Anura Karunatilaka, revealed that the President is set to appoint an expert committee to ensure the proper implementation of the education reform process.",0.3818,0.1909
AdaDerana,2026-02,2026-02-21 03:04:56,Kemi Badenoch,PERSON,0.4019,1,http://www.adaderana.lk/news.php?nid=118718,Conservative Party leader Kemi Badenoch said “all of us in public life need to give space” to the police investigation to be carried out.,0.4019,0.4019
AdaDerana,2026-02,2026-02-20 17:00:03,Khaled bin Mohamed bin Zayed Al Nahyan,PERSON,0.0,1,http://www.adaderana.lk/news.php?nid=118712,"Meanwhile, bilateral discussions were also held between President Dissanayake and the President of France Emmanuel Macron, Crown Prince of Abu Dhabi, Sheikh Khaled bin Mohamed bin Zayed Al Nahyan, and the Brazilian President Lula da Silva on the sidelines of the AI Impact 2026 Summit in New Delhi.",0.0,0.0
AdaDerana,2026-02,2026-02-21 03:55:00,Khamenei,PERSON,-0.5859,1,http://www.adaderana.lk/news.php?nid=118719,"Of course, a warship is a dangerous piece of military hardware,” one of Khamenei’s posts read.",-0.5859,0.5859
AdaDerana,2026-02,2026-02-21 03:04:56,King,PERSON,0.2255249999999999,4,http://www.adaderana.lk/news.php?nid=118718,"He added: “But clearly this is an issue that Parliament is going to have to consider when the time is right, naturally the monarchy will want to make sure he can never become King.”",0.6486,0.2255249999999999
AdaDerana,2026-02,2026-02-21 03:04:56,King’s,ORG,-0.296,1,http://www.adaderana.lk/news.php?nid=118718,"Currently Andrew, the King’s brother, remains eighth in line to the throne despite being stripped of his titles, including “prince”, last October amid pressure over his ties to paedophile financier Jeffrey Epstein.",-0.296,0.296
AdaDerana,2026-02,2026-02-21 03:04:56,Labour,ORG,0.0267,2,http://www.adaderana.lk/news.php?nid=118718,Some Labour parliamentarians who have been critical of the monarchy told the BBC they were less convinced the move was required - in part because it is so unlikely the former Duke of York would ever get near to the throne.,0.0276,0.0267
AdaDerana,2026-02,2026-02-20 15:53:45,Learning Resources,ORG,0.0,1,http://www.adaderana.lk/news.php?nid=118710,"In a separate case, an Illinois-based educational toy company, Learning Resources, sued in a federal district court in Washington, which also ruled against Trump.",0.0,0.0
AdaDerana,2026-02,2026-02-21 03:04:56,Liberal Democrats,NORP,0.4019,1,http://www.adaderana.lk/news.php?nid=118718,"The government’s proposal comes after some MPs, including the Liberal Democrats and SNP, signalled their support for such legislation.",0.4019,0.4019
AdaDerana,2026-02,2026-02-21 03:04:56,Luke Pollard,PERSON,0.128,1,http://www.adaderana.lk/news.php?nid=118718,"Defence Minister Luke Pollard told the BBC the move - which would prevent Andrew from ever becoming King - was the “right thing to do,” regardless of the outcome of the police investigation.",0.128,0.128
AdaDerana,2026-02,2026-02-20 17:00:03,Lula da Silva,PERSON,0.0,1,http://www.adaderana.lk/news.php?nid=118712,"Meanwhile, bilateral discussions were also held between President Dissanayake and the President of France Emmanuel Macron, Crown Prince of Abu Dhabi, Sheikh Khaled bin Mohamed bin Zayed Al Nahyan, and the Brazilian President Lula da Silva on the sidelines of the AI Impact 2026 Summit in New Delhi.",0.0,0.0
AdaDerana,2026-02,2026-02-21 05:23:46,Maha Viharaya,PERSON,0.0,1,http://www.adaderana.lk/news.php?nid=118723,"According to an official statement issued at 9:15 a.m. today, the stretch of road from Sungavila to the Somawathiya Raja Maha Viharaya is currently under water.",0.0,0.0
AdaDerana,2026-02,2026-02-21 01:05:54,Matara,GPE,0.0,1,http://www.adaderana.lk/news.php?nid=118713,"Misty conditions can be expected at some places in the Central and Sabaragamuwa provinces and in Galle, Matara and Kaluthara districts during the early hours of the morning.",0.0,0.0
AdaDerana,2026-02,2026-02-21 08:41:35,Matara Hospital,ORG,-0.5859,1,http://www.adaderana.lk/news.php?nid=118729,"The injured victim, identified as a local fishmonger, was rushed to Matara Hospital for treatment.",-0.5859,0.5859
AdaDerana,2026-02,2026-02-20 15:53:45,Mexico,GPE,0.8514,1,http://www.adaderana.lk/news.php?nid=118710,"Most significant case on US economy in years The case was the most significant involving the American economy to reach the Supreme Court in years, challenging the legality of Trump’s “Liberation Day” tariffs, as well as duties he imposed on imports from China, Mexico and Canada.",0.8514,0.8514
AdaDerana,2026-02,2026-02-21 01:09:01,Mexico,GPE,0.0,1,http://www.adaderana.lk/news.php?nid=118714,"The tariffs initially targeted Mexico, Canada and China, before expanding dramatically to dozens of trade partners on what the president billed as “Liberation Day” last April.",0.0,0.0
AdaDerana,2026-02,2026-02-21 02:12:25,Michael Jones KC,PERSON,-0.8934,1,http://www.adaderana.lk/news.php?nid=118717,"Obsessive husband ‘overtaken by jealousy’ Michael Jones KC, prosecuting, said that the murder was planned and premeditated and that sustained and excessive violence had been used.",-0.8934,0.8934
AdaDerana,2026-02,2026-02-21 01:09:01,Minnesota,GPE,0.3612,1,http://www.adaderana.lk/news.php?nid=118714,"“I feel... like a thousand-pound weight has been lifted off my chest,” said Beth Benike, the owner of Busy Baby products in Minnesota, which manufactures products in China.",0.3612,0.3612
AdaDerana,2026-02,2026-02-21 04:19:58,Mount Lavinia,GPE,-0.5371,3,http://www.adaderana.lk/news.php?nid=118721,"The raid was carried out based on information received by Chief Inspector Gamage Nilantha, Officer-in-Charge (OIC) of the Mount Lavinia Divisional Crime Investigation Bureau, police said.",-0.5423,0.5371
AdaDerana,2026-02,2026-02-21 03:04:56,Mountbatten-Windsor,PERSON,0.1348666666666666,3,http://www.adaderana.lk/news.php?nid=118718,The British government is considering introducing legislation to remove Andrew Mountbatten-Windsor from the line of royal succession.,0.2023,0.1348666666666666
AdaDerana,2026-02,2026-02-21 03:56:29,NBRO,ORG,-0.296,2,http://www.adaderana.lk/news.php?nid=118720,The National Building Research Organisation (NBRO) has extended the early landslide warnings previously issued for several areas in the Nuwara Eliya District and Badulla District.,-0.296,0.296
AdaDerana,2026-02,2026-02-20 17:00:03,Narendra Modi,PERSON,0.0,3,http://www.adaderana.lk/news.php?nid=118712,The President and the Sri Lankan delegation had travelled to India at the invitation of Indian Prime Minister Narendra Modi to participate in the summit.,0.0,0.0
AdaDerana,2026-02,2026-02-21 06:07:51,Navy,ORG,0.740725,4,http://www.adaderana.lk/news.php?nid=118724,"The U.S. Embassy in Sri Lanka extended its best wishes to the Sri Lanka Navy crew taking command of DECISIVE, praising their training and preparation in the United States ahead of the vessel’s arrival.",0.9291,0.740725
AdaDerana,2026-02,2026-02-21 01:09:01,Neil Gorsuch,PERSON,0.1531,1,http://www.adaderana.lk/news.php?nid=118714,"The decision to strike down the tariffs was joined by the court’s three liberal justices, as well as two justices nominated by Trump: Amy Coney Barrett and Neil Gorsuch.",0.1531,0.1531
AdaDerana,2026-02,2026-02-20 15:53:45,Neil Gorsuch,PERSON,0.0,1,http://www.adaderana.lk/news.php?nid=118710,Justices Amy Coney Barrett and Neil Gorsuch joined with Roberts and the three liberal justices in the majority.,0.0,0.0
AdaDerana,2026-02,2026-02-20 17:00:03,New Delhi,GPE,0.00645,4,http://www.adaderana.lk/news.php?nid=118712,"The delegation arrived at Bandaranaike International Airport (BIA), a short while ago, aboard SriLankan Airlines flight UL-196 from New Delhi.",0.0258,0.00645
AdaDerana,2026-02,2026-02-20 15:53:45,New York,GPE,-0.3818,1,http://www.adaderana.lk/news.php?nid=118710,"In one case, led by a New York-based wine importer called V.O.S. Selections, the US Court of International Trade concluded in May that IEEPA didn’t authorize Trump’s emergency duties.",-0.3818,0.3818
AdaDerana,2026-02,2026-02-21 03:04:56,New Zealand,GPE,0.3182,1,http://www.adaderana.lk/news.php?nid=118718,"It would also need to be supported by the 14 Commonwealth countries where Charles III is head of state, including Canada, Australia, Jamaica and New Zealand.",0.3182,0.3182
AdaDerana,2026-02,2026-02-21 02:12:25,Newport Crown Court,ORG,-0.8176,1,http://www.adaderana.lk/news.php?nid=118717,"Thisara Weragalage, from Pentwyn, who had been separated from her for months, previously denied murder, but at a hearing at Newport Crown Court in January he pleaded guilty.",-0.8176,0.8176
AdaDerana,2026-02,2026-02-21 01:09:01,Nik Holm,PERSON,0.0,1,http://www.adaderana.lk/news.php?nid=118714,"Nik Holm, chief executive of Terry Precision Cycling, one of the small businesses involved in the case, called the ruling a “relief”.",0.0,0.0
AdaDerana,2026-02,2026-02-21 02:12:25,Nirodha,GPE,-0.1084571428571428,14,http://www.adaderana.lk/news.php?nid=118717,"“Nirodha will be forever remembered with peace, love and gratitude,” they said.",0.8271,0.1084571428571428
AdaDerana,2026-02,2026-02-21 02:12:25,Nirodha,PERSON,-0.1084571428571428,14,http://www.adaderana.lk/news.php?nid=118717,"“Nirodha will be forever remembered with peace, love and gratitude,” they said.",0.8271,0.1084571428571428
AdaDerana,2026-02,2026-02-21 02:12:25,Nirodha Kalapni Niwunhella,PERSON,-0.5574,1,http://www.adaderana.lk/news.php?nid=118717,"Niwunhellage Dona Nirodha Kalapni Niwunhella, known as Nirodha, 32, died at the scene at South Morgan Place in Riverside, Cardiff, on 21 August 2025.",-0.5574,0.5574
AdaDerana,2026-02,2026-02-21 01:09:01,Olof Gill,PERSON,0.5574,1,http://www.adaderana.lk/news.php?nid=118714,"“We take note of the ruling by the U.S. Supreme Court and are analysing it carefully,” European Commission spokesman Olof Gill wrote on social media.",0.5574,0.5574
AdaDerana,2026-02,2026-02-20 15:30:41,Orugodawatta,ORG,-0.6249,1,http://www.adaderana.lk/news.php?nid=118709,"In addition, congestion has also been reported at the Orugodawatta container yard, causing severe inconvenience to truck drivers.",-0.6249,0.6249
AdaDerana,2026-02,2026-02-21 03:04:56,Parliament,ORG,0.41355,4,http://www.adaderana.lk/news.php?nid=118718,"He added: “But clearly this is an issue that Parliament is going to have to consider when the time is right, naturally the monarchy will want to make sure he can never become King.”",0.6486,0.41355
AdaDerana,2026-02,2026-02-21 03:04:56,Party,ORG,0.4019,1,http://www.adaderana.lk/news.php?nid=118718,Conservative Party leader Kemi Badenoch said “all of us in public life need to give space” to the police investigation to be carried out.,0.4019,0.4019
AdaDerana,2026-02,2026-02-21 02:12:25,Pentwyn,GPE,-0.8176,1,http://www.adaderana.lk/news.php?nid=118717,"Thisara Weragalage, from Pentwyn, who had been separated from her for months, previously denied murder, but at a hearing at Newport Crown Court in January he pleaded guilty.",-0.8176,0.8176
AdaDerana,2026-02,2026-02-21 01:09:01,Pillsbury,GPE,0.0258,1,http://www.adaderana.lk/news.php?nid=118714,"Steve Becker, head of the law firm Pillsbury, said the “best thing” for businesses would be if the government created a procedure that did not require filing a lawsuit.",0.0258,0.0258
AdaDerana,2026-02,2026-02-21 03:04:56,Pollard,PERSON,-0.0839999999999999,2,http://www.adaderana.lk/news.php?nid=118718,"Speaking on BBC Radio 4’s Any Questions programme, Pollard confirmed the government had “absolutely” been working with Buckingham Palace on the plans to stop the former prince from “potentially being a heartbeat away from the throne”.",-0.296,0.0839999999999999
AdaDerana,2026-02,2026-02-21 01:05:54,Polonnaruwa,PERSON,0.0,1,http://www.adaderana.lk/news.php?nid=118713,"Heavy rainfalls above 100 mm are likely at some places in the Central, Uva and Sabaragamuwa provinces, and in the Batticaloa, Ampara and Polonnaruwa districts.",0.0,0.0
AdaDerana,2026-02,2026-02-21 09:35:33,Ports,ORG,0.3818,1,http://www.adaderana.lk/news.php?nid=118730,"Minister of Ports and Civil Aviation, Anura Karunatilaka, revealed that the President is set to appoint an expert committee to ensure the proper implementation of the education reform process.",0.3818,0.3818
AdaDerana,2026-02,2026-02-21 03:04:56,Rachael Maskell,PERSON,0.0258,1,http://www.adaderana.lk/news.php?nid=118718,"Labour MP Rachael Maskell, who represents York Central, has also backed the move.",0.0258,0.0258
AdaDerana,2026-02,2026-02-21 04:19:58,Ratmalana,GPE,-0.296,1,http://www.adaderana.lk/news.php?nid=118721,Police identified the suspect as a 33-year-old resident of Ratmalana.,-0.296,0.296
AdaDerana,2026-02,2026-02-21 01:09:01,Republican,NORP,0.0,1,http://www.adaderana.lk/news.php?nid=118714,"At the White House, Trump said he was “absolutely ashamed” of the Republican appointees on the court who voted against his trade policy.",0.0,0.0
AdaDerana,2026-02,2026-02-20 15:53:45,Roberts,PERSON,0.0768285714285714,7,http://www.adaderana.lk/news.php?nid=118710,Chief Justice John Roberts wrote the majority opinion and the court agreed 6-3 that the tariffs exceeded the law.,0.6705,0.0768285714285714
AdaDerana,2026-02,2026-02-21 03:04:56,Royal Lodge,ORG,-0.23835,2,http://www.adaderana.lk/news.php?nid=118718,"Thames Valley Police, the force which arrested him, is expected to continue searching Royal Lodge until Monday, the BBC understands.",-0.4767,0.23835
AdaDerana,2026-02,2026-02-20 16:32:27,Ruwanthika Marasinghe,PERSON,0.0,1,http://www.adaderana.lk/news.php?nid=118711,The directive was issued by the Gangodawila Magistrate Ruwanthika Marasinghe when the case concerning the Grade 6 English subject module under the new education reforms was taken up before the Gangodawila Magistrate’s Court today (20).,0.0,0.0
AdaDerana,2026-02,2026-02-21 06:07:51,SLN,ORG,0.9075,1,http://www.adaderana.lk/news.php?nid=118724,"In a significant boost to regional maritime security, the former U.S. Coast Guard Cutter DECISIVE (Ex-USCGC DECISIVE) officially departed Baltimore on Friday, beginning a historic journey to join the Sri Lanka Navy (SLN) fleet.",0.9075,0.9075
AdaDerana,2026-02,2026-02-21 03:04:56,SNP,ORG,0.4720999999999999,2,http://www.adaderana.lk/news.php?nid=118718,"The SNP would support removing Andrew from the line of succession if legislation is required, according to the party’s Westminster leader Stephen Flynn.",0.5423,0.4720999999999999
AdaDerana,2026-02,2026-02-21 01:05:54,Sabaragamuwa,PERSON,0.0,2,http://www.adaderana.lk/news.php?nid=118713,"Heavy rainfalls above 100 mm are likely at some places in the Central, Uva and Sabaragamuwa provinces, and in the Batticaloa, Ampara and Polonnaruwa districts.",0.0,0.0
AdaDerana,2026-02,2026-02-21 01:09:01,Samuel Alito,PERSON,0.0,1,http://www.adaderana.lk/news.php?nid=118714,"Three conservative justices, Clarence Thomas, Brett Kavanaugh and Samuel Alito, dissented.",0.0,0.0
AdaDerana,2026-02,2026-02-20 15:53:45,Samuel Alito,PERSON,0.0,1,http://www.adaderana.lk/news.php?nid=118710,"Justices Clarence Thomas, Samuel Alito and Brett Kavanaugh dissented.",0.0,0.0
AdaDerana,2026-02,2026-02-20 15:30:41,Sanath Manjula,PERSON,0.4215,1,http://www.adaderana.lk/news.php?nid=118709,"The Chairman of the Container Transport Owners’ Association (CTOA), Sanath Manjula has raised concerns over the re-emergence of container truck congestion at the Colombo Port, due to the absence of an efficient system for container clearance procedures.",0.4215,0.4215
AdaDerana,2026-02,2026-02-21 08:41:35,Sinhasana Place,ORG,0.4019,1,http://www.adaderana.lk/news.php?nid=118729,"The deceased has been identified as Cyril Hendavitharana, also known by the alias “Delight,” a resident of Sinhasana Place, Dondra, who was engaged in the fish trade.",0.4019,0.4019
AdaDerana,2026-02,2026-02-21 02:12:25,South Wales Police,ORG,0.34,1,http://www.adaderana.lk/news.php?nid=118717,"Detective Inspector Graham Williams, of South Wales Police, said Nirodha was “much loved by her family and friends, and her life was ended by her jealous and cowardly former partner”.",0.34,0.34
AdaDerana,2026-02,2026-02-21 04:19:58,Soysapura,PERSON,-0.5267,1,http://www.adaderana.lk/news.php?nid=118721,"A suspect was arrested in the Soysapura area of Mount Lavinia while transporting over Rs. 800,000 worth of crystal methamphetamine (“Ice”) on a motorcycle.",-0.5267,0.5267
AdaDerana,2026-02,2026-02-20 15:30:41,Spokesperson Chandana Punchihewa,PERSON,0.0,1,http://www.adaderana.lk/news.php?nid=118709,"However, responding to inquiries, Sri Lanka Customs Director and Media Spokesperson Chandana Punchihewa stated that although there is some congestion in container clearance at present, the situation remains within normal levels.",0.0,0.0
AdaDerana,2026-02,2026-02-21 06:07:51,Sri Lanka,GPE,0.6172166666666666,6,http://www.adaderana.lk/news.php?nid=118724,"The U.S. Embassy in Sri Lanka extended its best wishes to the Sri Lanka Navy crew taking command of DECISIVE, praising their training and preparation in the United States ahead of the vessel’s arrival.",0.9291,0.6172166666666666
AdaDerana,2026-02,2026-02-21 04:19:58,Sri Lanka,GPE,-0.296,1,http://www.adaderana.lk/news.php?nid=118721,"Further investigations uncovered that the suspect had been distributing drugs in Sri Lanka on behalf of the overseas trafficker, said police.",-0.296,0.296
AdaDerana,2026-02,2026-02-21 02:12:25,Sri Lanka,GPE,0.0030666666666666,3,http://www.adaderana.lk/news.php?nid=118717,A 37-year-old Sri Lankan man has been given a life sentence by a UK court after he stabbed his estranged wife to death in a car park after she began a relationship with a work colleague.,-0.7579,0.0030666666666666
AdaDerana,2026-02,2026-02-21 07:08:12,Sri Lanka,GPE,0.0,1,http://www.adaderana.lk/news.php?nid=118725,"Gold prices in Sri Lanka have risen by around Rs. 4,000, according to market data.",0.0,0.0
AdaDerana,2026-02,2026-02-20 17:00:03,Sri Lanka,GPE,0.0,2,http://www.adaderana.lk/news.php?nid=118712,"President Anura Kumara Dissanayake and the Sri Lankan delegation have returned to Sri Lanka after attending the AI Impact Summit 2026 held in New Delhi, India.",0.0,0.0
AdaDerana,2026-02,2026-02-20 15:30:41,Sri Lanka Customs,ORG,0.0,1,http://www.adaderana.lk/news.php?nid=118709,"However, responding to inquiries, Sri Lanka Customs Director and Media Spokesperson Chandana Punchihewa stated that although there is some congestion in container clearance at present, the situation remains within normal levels.",0.0,0.0
AdaDerana,2026-02,2026-02-21 10:11:16,Sri Lanka Police,ORG,-0.6705,1,http://www.adaderana.lk/news.php?nid=118731,"As part of the ongoing island-wide crime and drug prevention programme conducted by Sri Lanka Police, a total of 29,165 individuals were screened within yesterday (20) alone.",-0.6705,0.6705
AdaDerana,2026-02,2026-02-21 02:12:25,Sri Lankan,PERSON,-0.7579,1,http://www.adaderana.lk/news.php?nid=118717,A 37-year-old Sri Lankan man has been given a life sentence by a UK court after he stabbed his estranged wife to death in a car park after she began a relationship with a work colleague.,-0.7579,0.7579
AdaDerana,2026-02,2026-02-20 17:00:03,Sri Lankan,NORP,0.0,2,http://www.adaderana.lk/news.php?nid=118712,"President Anura Kumara Dissanayake and the Sri Lankan delegation have returned to Sri Lanka after attending the AI Impact Summit 2026 held in New Delhi, India.",0.0,0.0
AdaDerana,2026-02,2026-02-20 17:00:03,SriLankan Airlines,ORG,0.0258,1,http://www.adaderana.lk/news.php?nid=118712,"The delegation arrived at Bandaranaike International Airport (BIA), a short while ago, aboard SriLankan Airlines flight UL-196 from New Delhi.",0.0258,0.0258
AdaDerana,2026-02,2026-02-21 03:04:56,Stephen Flynn,PERSON,0.5423,1,http://www.adaderana.lk/news.php?nid=118718,"The SNP would support removing Andrew from the line of succession if legislation is required, according to the party’s Westminster leader Stephen Flynn.",0.5423,0.5423
AdaDerana,2026-02,2026-02-21 02:12:25,Stephenson,PERSON,-0.13484,5,http://www.adaderana.lk/news.php?nid=118717,This behaviour caused Stephenson to fear for his and Nirodha’s safety and he broke off the relationship.,-0.4939,0.13484
AdaDerana,2026-02,2026-02-21 01:09:01,Steve Becker,PERSON,0.0258,1,http://www.adaderana.lk/news.php?nid=118714,"Steve Becker, head of the law firm Pillsbury, said the “best thing” for businesses would be if the government created a procedure that did not require filing a lawsuit.",0.0258,0.0258
AdaDerana,2026-02,2026-02-21 03:55:00,Steve Witkoff,PERSON,0.7096,1,http://www.adaderana.lk/news.php?nid=118719,"Speaking on Friday, Iran’s Foreign Minister Abbas Araghchi said Iran was preparing “a draft of a possible agreement” and would hand it over to US Special Envoy Steve Witkoff in the next few days.",0.7096,0.7096
AdaDerana,2026-02,2026-02-21 03:04:56,Succession,ORG,0.3818,1,http://www.adaderana.lk/news.php?nid=118718,"The last time the line of succession was changed by an act of Parliament was in 2013, when the Succession to the Crown Act restored individuals who had previously been excluded because they had married a Catholic.",0.3818,0.3818
AdaDerana,2026-02,2026-02-21 04:19:58,Sudharaka Devapriya Peiris,PERSON,-0.296,1,http://www.adaderana.lk/news.php?nid=118721,"During interrogation, it was revealed that the suspect is the brother-in-law of Sudharaka Devapriya Peiris, an alleged large-scale drug trafficker currently residing abroad.",-0.296,0.296
AdaDerana,2026-02,2026-02-21 05:23:46,Sungavila,GPE,-0.31245,2,http://www.adaderana.lk/news.php?nid=118723,The Assistant Director of the Disaster Management Centre (DMC) for the Polonnaruwa District has reported that the Somawathiya–Sungavila Road has been inundated by approximately one foot of water as of this morning (21).,-0.6249,0.31245
AdaDerana,2026-02,2026-02-20 15:53:45,Supreme Court,ORG,0.1226,6,http://www.adaderana.lk/news.php?nid=118710,"Most significant case on US economy in years The case was the most significant involving the American economy to reach the Supreme Court in years, challenging the legality of Trump’s “Liberation Day” tariffs, as well as duties he imposed on imports from China, Mexico and Canada.",0.8514,0.1226
AdaDerana,2026-02,2026-02-21 03:55:00,Switzerland,GPE,0.4215,1,http://www.adaderana.lk/news.php?nid=118719,US and Iranian officials have met over the issue in Switzerland and said progress has been made in the talks.,0.4215,0.4215
AdaDerana,2026-02,2026-02-21 02:12:25,Taylor,PERSON,0.45855,2,http://www.adaderana.lk/news.php?nid=118717,"Andrew Taylor, defending, said these were “tragic events” involving two “bright, ambitious and educated people”.",0.4767,0.45855
AdaDerana,2026-02,2026-02-21 01:09:01,Terry Precision Cycling,PERSON,0.0,1,http://www.adaderana.lk/news.php?nid=118714,"Nik Holm, chief executive of Terry Precision Cycling, one of the small businesses involved in the case, called the ruling a “relief”.",0.0,0.0
AdaDerana,2026-02,2026-02-20 16:32:27,The Criminal Investigation Department,ORG,-0.7717,1,http://www.adaderana.lk/news.php?nid=118711,The Criminal Investigation Department (CID) has been directed to immediately expedite investigations into the controversial Grade 6 module and to take prompt action to arrest the suspects responsible.,-0.7717,0.7717
AdaDerana,2026-02,2026-02-21 04:19:58,The Mount Lavinia Divisional Crime Investigation Bureau,ORG,-0.5423,1,http://www.adaderana.lk/news.php?nid=118721,The Mount Lavinia Divisional Crime Investigation Bureau is conducting further investigations into the incident.,-0.5423,0.5423
AdaDerana,2026-02,2026-02-21 03:56:29,The National Building Research Organisation,ORG,-0.296,1,http://www.adaderana.lk/news.php?nid=118720,The National Building Research Organisation (NBRO) has extended the early landslide warnings previously issued for several areas in the Nuwara Eliya District and Badulla District.,-0.296,0.296
AdaDerana,2026-02,2026-02-21 07:52:36,The Public Utilities Commission,ORG,0.0,1,http://www.adaderana.lk/news.php?nid=118727,The Public Utilities Commission of Sri Lanka (PUCSL) has announced that public consultation sessions on the proposal submitted by the Ceylon Electricity Board (CEB) to revise electricity tariffs for the second quarter of 2026 will commence on February 25.,0.0,0.0
AdaDerana,2026-02,2026-02-20 15:53:45,The Supreme Court,ORG,-0.34,1,http://www.adaderana.lk/news.php?nid=118710,"The Supreme Court on Friday ruled that President Donald Trump violated federal law when he unilaterally imposed sweeping tariffs across the globe, a striking loss for the White House on an issue that has been central to the president’s foreign policy and economic agenda.",-0.34,0.34
AdaDerana,2026-02,2026-02-21 06:07:51,The U.S. Embassy,ORG,0.9291,1,http://www.adaderana.lk/news.php?nid=118724,"The U.S. Embassy in Sri Lanka extended its best wishes to the Sri Lanka Navy crew taking command of DECISIVE, praising their training and preparation in the United States ahead of the vessel’s arrival.",0.9291,0.9291
AdaDerana,2026-02,2026-02-21 01:09:01,The White House,ORG,-0.6369,1,http://www.adaderana.lk/news.php?nid=118714,"The White House had cited a 1977 law, the International Emergency Economic Powers Act (IEEPA), which gives the president power to “regulate” trade in response to an emergency.",-0.6369,0.6369
AdaDerana,2026-02,2026-02-21 02:12:25,Thisara Weragalage,PERSON,-0.8176,1,http://www.adaderana.lk/news.php?nid=118717,"Thisara Weragalage, from Pentwyn, who had been separated from her for months, previously denied murder, but at a hearing at Newport Crown Court in January he pleaded guilty.",-0.8176,0.8176
AdaDerana,2026-02,2026-02-21 02:12:25,Tremorfa,NORP,-0.4588,1,http://www.adaderana.lk/news.php?nid=118717,"A short time later, Weragalage was spotted by a lorry driver on a pavement in the Tremorfa area of Cardiff in an agitated state and he threw himself in front of the rear wheels of the vehicle.",-0.4588,0.4588
AdaDerana,2026-02,2026-02-20 15:53:45,Trump,ORG,-0.2947888888888889,18,http://www.adaderana.lk/news.php?nid=118710,"Most significant case on US economy in years The case was the most significant involving the American economy to reach the Supreme Court in years, challenging the legality of Trump’s “Liberation Day” tariffs, as well as duties he imposed on imports from China, Mexico and Canada.",0.8514,0.2947888888888889
AdaDerana,2026-02,2026-02-20 15:53:45,Trump,PERSON,-0.2947888888888889,18,http://www.adaderana.lk/news.php?nid=118710,"Most significant case on US economy in years The case was the most significant involving the American economy to reach the Supreme Court in years, challenging the legality of Trump’s “Liberation Day” tariffs, as well as duties he imposed on imports from China, Mexico and Canada.",0.8514,0.2947888888888889
AdaDerana,2026-02,2026-02-21 03:55:00,Trump,ORG,-0.1565,8,http://www.adaderana.lk/news.php?nid=118719,"Unlike the one-day strike in Iran last year and the quick operation to capture Nicolás Maduro in January, a protracted, multi-week conflict with Iran threatens alienating parts of Trump’s Maga base which were drawn to his campaign promise of an end to messy foreign entanglements.",-0.6808,0.1565
AdaDerana,2026-02,2026-02-21 03:55:00,Trump,PERSON,-0.1565,8,http://www.adaderana.lk/news.php?nid=118719,"Unlike the one-day strike in Iran last year and the quick operation to capture Nicolás Maduro in January, a protracted, multi-week conflict with Iran threatens alienating parts of Trump’s Maga base which were drawn to his campaign promise of an end to messy foreign entanglements.",-0.6808,0.1565
AdaDerana,2026-02,2026-02-21 01:09:01,Trump,ORG,0.0411,8,http://www.adaderana.lk/news.php?nid=118714,"The Trump administration expects those countries to keep abiding by the concessions they had agreed to under the trade deals, the official added.",0.2732,0.0411
AdaDerana,2026-02,2026-02-21 03:55:00,Trump’s Maga,PERSON,-0.6808,1,http://www.adaderana.lk/news.php?nid=118719,"Unlike the one-day strike in Iran last year and the quick operation to capture Nicolás Maduro in January, a protracted, multi-week conflict with Iran threatens alienating parts of Trump’s Maga base which were drawn to his campaign promise of an end to messy foreign entanglements.",-0.6808,0.6808
AdaDerana,2026-02,2026-02-20 15:53:45,Trump’s “Liberation Day,ORG,0.8514,1,http://www.adaderana.lk/news.php?nid=118710,"Most significant case on US economy in years The case was the most significant involving the American economy to reach the Supreme Court in years, challenging the legality of Trump’s “Liberation Day” tariffs, as well as duties he imposed on imports from China, Mexico and Canada.",0.8514,0.8514
AdaDerana,2026-02,2026-02-21 06:07:51,U.S.,GPE,0.68602,5,http://www.adaderana.lk/news.php?nid=118724,"The U.S. Embassy in Sri Lanka extended its best wishes to the Sri Lanka Navy crew taking command of DECISIVE, praising their training and preparation in the United States ahead of the vessel’s arrival.",0.9291,0.68602
AdaDerana,2026-02,2026-02-21 06:07:51,U.S. Coast Guard,ORG,0.5177499999999999,2,http://www.adaderana.lk/news.php?nid=118724,"In a significant boost to regional maritime security, the former U.S. Coast Guard Cutter DECISIVE (Ex-USCGC DECISIVE) officially departed Baltimore on Friday, beginning a historic journey to join the Sri Lanka Navy (SLN) fleet.",0.9075,0.5177499999999999
AdaDerana,2026-02,2026-02-21 01:09:01,UK,GPE,-0.25,1,http://www.adaderana.lk/news.php?nid=118714,"A White House official said countries that struck trade deals with the US, including the UK, India and the EU, will now face the global 10% tariff under Section 122 rather than the tariff rate they had previously negotiated.",-0.25,0.25
AdaDerana,2026-02,2026-02-21 02:12:25,UK,GPE,-0.05465,2,http://www.adaderana.lk/news.php?nid=118717,A 37-year-old Sri Lankan man has been given a life sentence by a UK court after he stabbed his estranged wife to death in a car park after she began a relationship with a work colleague.,-0.7579,0.05465
AdaDerana,2026-02,2026-02-21 01:09:01,US,GPE,-0.2084625,8,http://www.adaderana.lk/news.php?nid=118714,"But the measures sparked outcry at home and abroad from firms facing an abrupt rise in taxes on shipments entering the US, and fuelled worries that the levies would lead to higher prices.",-0.8462,0.2084625
AdaDerana,2026-02,2026-02-20 15:53:45,US,GPE,0.065325,4,http://www.adaderana.lk/news.php?nid=118710,"Most significant case on US economy in years The case was the most significant involving the American economy to reach the Supreme Court in years, challenging the legality of Trump’s “Liberation Day” tariffs, as well as duties he imposed on imports from China, Mexico and Canada.",0.8514,0.065325
AdaDerana,2026-02,2026-02-21 03:55:00,US,GPE,-0.0190384615384615,13,http://www.adaderana.lk/news.php?nid=118719,"The US and its European allies suspect that Iran is moving towards the development of a nuclear weapon, something Iran has always denied.",-0.743,0.0190384615384615
AdaDerana,2026-02,2026-02-21 03:55:00,USS Abraham Lincoln,PERSON,-0.4215,1,http://www.adaderana.lk/news.php?nid=118719,"USS Abraham Lincoln aircraft carrier is also being deployed, joining an increase of destroyers, combat ships and fighter jets.",-0.4215,0.4215
AdaDerana,2026-02,2026-02-21 03:55:00,USS Gerald R Ford,PERSON,-0.1779,1,http://www.adaderana.lk/news.php?nid=118719,"The deployment includes the world’s largest warship, USS Gerald R Ford, appearing to be heading towards the region.",-0.1779,0.1779
AdaDerana,2026-02,2026-02-20 15:53:45,United States Customs and Border Protection,ORG,0.5423,1,http://www.adaderana.lk/news.php?nid=118710,"As of December 14, the federal government has collected $134 billion in revenue from the tariffs being challenged from over 301,000 different importers, according to United States Customs and Border Protection data as well as a recent filing submitted by the agency to the US Court of International Trade.",0.5423,0.5423
AdaDerana,2026-02,2026-02-21 01:05:54,Uva,PERSON,0.0,2,http://www.adaderana.lk/news.php?nid=118713,"Showers or thundershowers will occur at times in the Northern, North-Central, Eastern, Uva and Central provinces and in the Hambantota district.",0.0,0.0
AdaDerana,2026-02,2026-02-20 15:53:45,V.O.S. Selections,ORG,-0.3818,1,http://www.adaderana.lk/news.php?nid=118710,"In one case, led by a New York-based wine importer called V.O.S. Selections, the US Court of International Trade concluded in May that IEEPA didn’t authorize Trump’s emergency duties.",-0.3818,0.3818
AdaDerana,2026-02,2026-02-21 01:09:01,Washington,GPE,-0.101,1,http://www.adaderana.lk/news.php?nid=118714,"“Things have only gotten more complicated and more messy today,” said Geoffrey Gertz, senior fellow at the Center for a New American Security in Washington.",-0.101,0.101
AdaDerana,2026-02,2026-02-20 15:53:45,Washington,GPE,0.0,2,http://www.adaderana.lk/news.php?nid=118710,"That decision was affirmed months later by an appeals court in Washington, DC.",0.0,0.0
AdaDerana,2026-02,2026-02-20 15:53:45,"Washington, DC",GPE,0.0,1,http://www.adaderana.lk/news.php?nid=118710,"That decision was affirmed months later by an appeals court in Washington, DC.",0.0,0.0
AdaDerana,2026-02,2026-02-21 02:12:25,Welagalage,ORG,0.3818,1,http://www.adaderana.lk/news.php?nid=118717,He said she deserved a long and happy life that was cut short by Welagalage’s “brutal selfishness”.,0.3818,0.3818
AdaDerana,2026-02,2026-02-21 02:12:25,Weragalage,PERSON,-0.4318999999999999,9,http://www.adaderana.lk/news.php?nid=118717,"Emma Davies, from the Crown Prosecution Service (CPS), said Weragalage “planned his attack, visiting the area several times leading up to it and buying the murder weapon”.",-0.9001,0.4318999999999999
AdaDerana,2026-02,2026-02-21 02:12:25,Weragalge,ORG,0.0,1,http://www.adaderana.lk/news.php?nid=118717,They eventually moved to Cardiff in 2022 where Weragalge said he had contacts.,0.0,0.0
AdaDerana,2026-02,2026-02-21 01:09:01,White House,ORG,-0.14725,6,http://www.adaderana.lk/news.php?nid=118714,"The White House had cited a 1977 law, the International Emergency Economic Powers Act (IEEPA), which gives the president power to “regulate” trade in response to an emergency.",-0.6369,0.14725
AdaDerana,2026-02,2026-02-21 03:55:00,White House,ORG,0.1303,2,http://www.adaderana.lk/news.php?nid=118719,At the time of Operation Midnight Hammer in July last year - which saw US forces strike Iranian nuclear facilities - White House officials were still publicly discussing the possibility of successful talks.,0.5106,0.1303
AdaDerana,2026-02,2026-02-21 03:04:56,York Central,ORG,0.0258,1,http://www.adaderana.lk/news.php?nid=118718,"Labour MP Rachael Maskell, who represents York Central, has also backed the move.",0.0258,0.0258
AdaDerana,2026-02,2026-02-21 07:52:36,the Ceylon Electricity Board,ORG,0.0,1,http://www.adaderana.lk/news.php?nid=118727,The Public Utilities Commission of Sri Lanka (PUCSL) has announced that public consultation sessions on the proposal submitted by the Ceylon Electricity Board (CEB) to revise electricity tariffs for the second quarter of 2026 will commence on February 25.,0.0,0.0
AdaDerana,2026-02,2026-02-20 15:53:45,the Commerce Department,ORG,0.0,1,http://www.adaderana.lk/news.php?nid=118710,It can only be used to target specific industries and requires an investigation by the Commerce Department.,0.0,0.0
AdaDerana,2026-02,2026-02-20 15:30:41,the Container Transport Owners’ Association (CTOA,ORG,0.4215,1,http://www.adaderana.lk/news.php?nid=118709,"The Chairman of the Container Transport Owners’ Association (CTOA), Sanath Manjula has raised concerns over the re-emergence of container truck congestion at the Colombo Port, due to the absence of an efficient system for container clearance procedures.",0.4215,0.4215
AdaDerana,2026-02,2026-02-21 01:09:01,the Court of International Trade,ORG,0.0,1,http://www.adaderana.lk/news.php?nid=118714,"But the decision by the majority does not directly mention refunds, likely handing back the question of how that process might work to the Court of International Trade.",0.0,0.0
AdaDerana,2026-02,2026-02-21 02:12:25,the Crown Prosecution Service,ORG,-0.9001,1,http://www.adaderana.lk/news.php?nid=118717,"Emma Davies, from the Crown Prosecution Service (CPS), said Weragalage “planned his attack, visiting the area several times leading up to it and buying the murder weapon”.",-0.9001,0.9001
AdaDerana,2026-02,2026-02-20 15:53:45,the DC Circuit,ORG,0.5574,1,http://www.adaderana.lk/news.php?nid=118710,"The case quickly went to the Supreme Court, leapfrogging the DC Circuit.",0.5574,0.5574
AdaDerana,2026-02,2026-02-21 01:05:54,the Department of Meteorology,ORG,0.4767,1,http://www.adaderana.lk/news.php?nid=118713,"Atmospheric conditions are favorable for thundershowers over most parts of the island, and showery conditions are expected to enhance today (21), the Department of Meteorology said.",0.4767,0.4767
AdaDerana,2026-02,2026-02-21 05:23:46,the Disaster Management Centre,ORG,-0.6249,1,http://www.adaderana.lk/news.php?nid=118723,The Assistant Director of the Disaster Management Centre (DMC) for the Polonnaruwa District has reported that the Somawathiya–Sungavila Road has been inundated by approximately one foot of water as of this morning (21).,-0.6249,0.6249
AdaDerana,2026-02,2026-02-21 02:04:50,the Dodangoda Police Station,ORG,0.4019,1,http://www.adaderana.lk/news.php?nid=118716,"Special surveillance was also conducted on individuals travelling in the vehicles, with the assistance of officers from the Dodangoda Police Station and the Southern Expressway Police Traffic Division.",0.4019,0.4019
AdaDerana,2026-02,2026-02-21 09:35:33,the G.C.E. Ordinary Level,ORG,0.0,1,http://www.adaderana.lk/news.php?nid=118730,"Regarding the examination system, the Minister clarified that the G.C.E. Ordinary Level (O/L) examination will continue, although its format will evolve in line with the new curriculum.",0.0,0.0
AdaDerana,2026-02,2026-02-20 16:32:27,the Gangodawila Magistrate’s Court,ORG,0.0,1,http://www.adaderana.lk/news.php?nid=118711,The directive was issued by the Gangodawila Magistrate Ruwanthika Marasinghe when the case concerning the Grade 6 English subject module under the new education reforms was taken up before the Gangodawila Magistrate’s Court today (20).,0.0,0.0
AdaDerana,2026-02,2026-02-20 17:00:03,the Global AI Impact Summit,ORG,0.0,1,http://www.adaderana.lk/news.php?nid=118712,"During the visit, President Dissanayake and Indian Prime Minister Narendra Modi held a bilateral meeting today (20) on the sidelines of the Global AI Impact Summit being held in New Delhi.",0.0,0.0
AdaDerana,2026-02,2026-02-21 03:04:56,the House of Commons Library,ORG,0.2023,1,http://www.adaderana.lk/news.php?nid=118718,"Removing Mountbatten-Windsor from the line of succession would also strip him of that role too, according to the House of Commons Library.",0.2023,0.2023
AdaDerana,2026-02,2026-02-21 01:09:01,the International Emergency Economic Powers Act,ORG,-0.6369,1,http://www.adaderana.lk/news.php?nid=118714,"The White House had cited a 1977 law, the International Emergency Economic Powers Act (IEEPA), which gives the president power to “regulate” trade in response to an emergency.",-0.6369,0.6369
AdaDerana,2026-02,2026-02-20 15:53:45,the International Emergency Economic Powers Act,ORG,-0.6369,1,http://www.adaderana.lk/news.php?nid=118710,"Trump has relied on a 1970s-era emergency law, the International Emergency Economic Powers Act, or IEEPA, to levy the import duties at issue in the case.",-0.6369,0.6369
AdaDerana,2026-02,2026-02-21 08:06:51,the Matara Hospital,ORG,-0.5267,1,http://www.adaderana.lk/news.php?nid=118728,"The injured shooting victim, said to be a fishmonger in the area, has been admitted to the Matara Hospital.",-0.5267,0.5267
AdaDerana,2026-02,2026-02-21 04:19:58,the Mount Lavinia Divisional Crime Investigation Bureau,ORG,-0.5423,1,http://www.adaderana.lk/news.php?nid=118721,"The raid was carried out based on information received by Chief Inspector Gamage Nilantha, Officer-in-Charge (OIC) of the Mount Lavinia Divisional Crime Investigation Bureau, police said.",-0.5423,0.5423
AdaDerana,2026-02,2026-02-21 03:55:00,the Oval Office,ORG,-0.4497,1,http://www.adaderana.lk/news.php?nid=118719,"Trump takes questions from journalists several times a week - often in lengthy sessions in the Oval Office or on Air Force One - but his comments do not necessarily always translate into concrete actions, and often contradict each other.",-0.4497,0.4497
AdaDerana,2026-02,2026-02-21 02:04:50,the Southern Expressway Police Traffic Division,ORG,0.4019,1,http://www.adaderana.lk/news.php?nid=118716,"Special surveillance was also conducted on individuals travelling in the vehicles, with the assistance of officers from the Dodangoda Police Station and the Southern Expressway Police Traffic Division.",0.4019,0.4019
AdaDerana,2026-02,2026-02-21 06:07:51,the Sri Lanka Navy,ORG,0.740725,4,http://www.adaderana.lk/news.php?nid=118724,"The U.S. Embassy in Sri Lanka extended its best wishes to the Sri Lanka Navy crew taking command of DECISIVE, praising their training and preparation in the United States ahead of the vessel’s arrival.",0.9291,0.740725
AdaDerana,2026-02,2026-02-20 15:53:45,the Supreme Court,ORG,0.424675,4,http://www.adaderana.lk/news.php?nid=118710,"Most significant case on US economy in years The case was the most significant involving the American economy to reach the Supreme Court in years, challenging the legality of Trump’s “Liberation Day” tariffs, as well as duties he imposed on imports from China, Mexico and Canada.",0.8514,0.424675
AdaDerana,2026-02,2026-02-21 01:09:01,the Supreme Court,ORG,-0.25,1,http://www.adaderana.lk/news.php?nid=118714,"US President Donald Trump has imposed a new 10% global tariff to replace ones struck down by the Supreme Court, calling the ruling “terrible” and lambasting the justices who rejected his trade policy as “fools”.",-0.25,0.25
AdaDerana,2026-02,2026-02-21 06:07:51,the U.S. Embassy,ORG,0.8531,1,http://www.adaderana.lk/news.php?nid=118724,"Once commissioned into service, DECISIVE will enhance the Sri Lanka Navy’s capabilities to counter drug trafficking and smuggling, conduct search and rescue operations, and safeguard vital sea lanes in the Indian Ocean that support global trade, the U.S. Embassy in Sri Lanka stated in a post on X (formerly Twitter).",0.8531,0.8531
AdaDerana,2026-02,2026-02-21 01:09:01,the U.S. Supreme Court,ORG,0.5574,1,http://www.adaderana.lk/news.php?nid=118714,"“We take note of the ruling by the U.S. Supreme Court and are analysing it carefully,” European Commission spokesman Olof Gill wrote on social media.",0.5574,0.5574
AdaDerana,2026-02,2026-02-20 15:53:45,the US Court of International Trade,ORG,0.08025,2,http://www.adaderana.lk/news.php?nid=118710,"As of December 14, the federal government has collected $134 billion in revenue from the tariffs being challenged from over 301,000 different importers, according to United States Customs and Border Protection data as well as a recent filing submitted by the agency to the US Court of International Trade.",0.5423,0.08025
AdaDerana,2026-02,2026-02-21 06:07:51,the United States,GPE,0.9291,1,http://www.adaderana.lk/news.php?nid=118724,"The U.S. Embassy in Sri Lanka extended its best wishes to the Sri Lanka Navy crew taking command of DECISIVE, praising their training and preparation in the United States ahead of the vessel’s arrival.",0.9291,0.9291
AdaDerana,2026-02,2026-02-20 15:53:45,the White House,ORG,-0.34,1,http://www.adaderana.lk/news.php?nid=118710,"The Supreme Court on Friday ruled that President Donald Trump violated federal law when he unilaterally imposed sweeping tariffs across the globe, a striking loss for the White House on an issue that has been central to the president’s foreign policy and economic agenda.",-0.34,0.34
AdaDerana,2026-02,2026-02-21 01:09:01,the White House,ORG,0.0008499999999999,4,http://www.adaderana.lk/news.php?nid=118714,"Speaking from the White House on Friday, Trump indicated that refunds would not come without a legal battle, saying he expected the matter to be tied up in court for years.",0.2297,0.0008499999999999
AdaDerana,2026-02,2026-02-21 09:35:33,the ‘People’s Movement for Education Reforms,ORG,0.0,1,http://www.adaderana.lk/news.php?nid=118730,"The event, organized by the ‘People’s Movement for Education Reforms,’ was part of a series of programmes aimed at raising public awareness about the proposed educational changes.",0.0,0.0
AdaDerana,2026-02,2026-02-21 03:04:56,’s Westminster,GPE,0.5423,1,http://www.adaderana.lk/news.php?nid=118718,"The SNP would support removing Andrew from the line of succession if legislation is required, according to the party’s Westminster leader Stephen Flynn.",0.5423,0.5423
